"min_sigma","max_sigma","threshold","overlap","TP","FP","FN","Precision","Sensitivity","F1"
20,32,0.005,0.3,348,2612,192,0.117567567567568,0.644444444444444,0.198857142857143
22,32,0.005,0.3,343,2385,197,0.125733137829912,0.635185185185185,0.209914320685435
24,32,0.005,0.3,331,2383,209,0.121960206337509,0.612962962962963,0.203441917639828
26,32,0.005,0.3,340,2227,200,0.132450331125828,0.62962962962963,0.218860637270679
28,32,0.005,0.3,338,2103,202,0.138467841048751,0.625925925925926,0.226769540422677
20,34,0.005,0.3,334,2489,206,0.118313850513638,0.618518518518518,0.198632173654475
22,34,0.005,0.3,343,2349,197,0.12741456166419,0.635185185185185,0.212252475247525
24,34,0.005,0.3,328,2187,212,0.130417495029821,0.607407407407407,0.214729950900164
26,34,0.005,0.3,312,2155,228,0.126469396027564,0.577777777777778,0.207515796474892
28,34,0.005,0.3,333,2002,207,0.142612419700214,0.616666666666667,0.231652173913043
20,36,0.005,0.3,330,2502,210,0.116525423728814,0.611111111111111,0.195729537366548
22,36,0.005,0.3,332,2268,208,0.127692307692308,0.614814814814815,0.211464968152866
24,36,0.005,0.3,328,2122,212,0.133877551020408,0.607407407407407,0.219397993311037
26,36,0.005,0.3,330,1986,210,0.142487046632124,0.611111111111111,0.23109243697479
28,36,0.005,0.3,304,1988,236,0.132635253054101,0.562962962962963,0.214689265536723
20,38,0.005,0.3,326,2389,214,0.120073664825046,0.603703703703704,0.200307219662058
22,38,0.005,0.3,317,2281,223,0.122016936104696,0.587037037037037,0.202039515615041
24,38,0.005,0.3,304,2091,236,0.126931106471816,0.562962962962963,0.207155025553663
26,38,0.005,0.3,310,1966,230,0.136203866432337,0.574074074074074,0.220170454545455
28,38,0.005,0.3,308,1852,232,0.142592592592593,0.57037037037037,0.228148148148148
20,40,0.005,0.3,306,2254,234,0.11953125,0.566666666666667,0.19741935483871
22,40,0.005,0.3,305,2213,235,0.121127879269261,0.564814814814815,0.199476782210595
24,40,0.005,0.3,293,2117,247,0.121576763485477,0.542592592592593,0.19864406779661
26,40,0.005,0.3,286,1934,254,0.128828828828829,0.52962962962963,0.207246376811594
28,40,0.005,0.3,289,1817,251,0.137226970560304,0.535185185185185,0.218442932728647
20,32,0.01,0.3,280,796,260,0.260223048327138,0.518518518518518,0.346534653465347
22,32,0.01,0.3,278,693,262,0.286302780638517,0.514814814814815,0.367968232958306
24,32,0.01,0.3,274,669,266,0.290562036055143,0.507407407407407,0.369521240728253
26,32,0.01,0.3,276,585,264,0.320557491289199,0.511111111111111,0.394004282655246
28,32,0.01,0.3,276,541,264,0.337821297429621,0.511111111111111,0.406779661016949
20,34,0.01,0.3,278,786,262,0.261278195488722,0.514814814814815,0.346633416458853
22,34,0.01,0.3,286,695,254,0.291539245667686,0.52962962962963,0.376068376068376
24,34,0.01,0.3,281,616,259,0.313266443701226,0.52037037037037,0.391092553931802
26,34,0.01,0.3,269,593,271,0.312064965197216,0.498148148148148,0.383737517831669
28,34,0.01,0.3,275,536,265,0.339087546239211,0.509259259259259,0.407105847520355
20,36,0.01,0.3,293,801,247,0.26782449725777,0.542592592592593,0.358629130966952
22,36,0.01,0.3,290,675,250,0.300518134715026,0.537037037037037,0.385382059800664
24,36,0.01,0.3,291,625,249,0.317685589519651,0.538888888888889,0.399725274725275
26,36,0.01,0.3,282,560,258,0.334916864608076,0.522222222222222,0.408104196816208
28,36,0.01,0.3,271,552,269,0.329283110571081,0.501851851851852,0.397652237710932
20,38,0.01,0.3,289,765,251,0.274193548387097,0.535185185185185,0.362609786700126
22,38,0.01,0.3,286,696,254,0.291242362525458,0.52962962962963,0.375821287779238
24,38,0.01,0.3,282,629,258,0.309549945115258,0.522222222222222,0.388697450034459
26,38,0.01,0.3,285,574,255,0.331781140861467,0.527777777777778,0.407433881343817
28,38,0.01,0.3,278,513,262,0.351453855878635,0.514814814814815,0.417731029301277
20,40,0.01,0.3,277,753,263,0.268932038834951,0.512962962962963,0.352866242038217
22,40,0.01,0.3,282,687,258,0.291021671826625,0.522222222222222,0.37375745526839
24,40,0.01,0.3,283,638,257,0.307274701411509,0.524074074074074,0.387405886379192
26,40,0.01,0.3,270,574,270,0.319905213270142,0.5,0.390173410404624
28,40,0.01,0.3,266,533,274,0.332916145181477,0.492592592592593,0.39731142643764
20,32,0.015,0.3,155,236,385,0.396419437340153,0.287037037037037,0.33297529538131
22,32,0.015,0.3,154,188,386,0.450292397660819,0.285185185185185,0.349206349206349
24,32,0.015,0.3,155,182,385,0.459940652818991,0.287037037037037,0.353477765108324
26,32,0.015,0.3,151,163,389,0.480891719745223,0.27962962962963,0.353629976580796
28,32,0.015,0.3,140,151,400,0.481099656357388,0.259259259259259,0.336943441636582
20,34,0.015,0.3,175,239,365,0.422705314009662,0.324074074074074,0.366876310272537
22,34,0.015,0.3,176,203,364,0.464379947229551,0.325925925925926,0.383025027203482
24,34,0.015,0.3,177,175,363,0.502840909090909,0.327777777777778,0.396860986547085
26,34,0.015,0.3,175,165,365,0.514705882352941,0.324074074074074,0.397727272727273
28,34,0.015,0.3,162,154,378,0.512658227848101,0.3,0.378504672897196
20,36,0.015,0.3,184,245,356,0.428904428904429,0.340740740740741,0.379772961816305
22,36,0.015,0.3,185,203,355,0.47680412371134,0.342592592592593,0.398706896551724
24,36,0.015,0.3,187,182,353,0.506775067750677,0.346296296296296,0.411441144114411
26,36,0.015,0.3,177,160,363,0.525222551928783,0.327777777777778,0.403648802736602
28,36,0.015,0.3,171,155,369,0.524539877300613,0.316666666666667,0.394919168591224
20,38,0.015,0.3,191,239,349,0.444186046511628,0.353703703703704,0.393814432989691
22,38,0.015,0.3,192,209,348,0.478802992518703,0.355555555555556,0.40807651434644
24,38,0.015,0.3,191,190,349,0.501312335958005,0.353703703703704,0.414766558089034
26,38,0.015,0.3,183,177,357,0.508333333333333,0.338888888888889,0.406666666666667
28,38,0.015,0.3,172,160,368,0.518072289156627,0.318518518518519,0.394495412844037
20,40,0.015,0.3,194,245,346,0.441913439635535,0.359259259259259,0.39632277834525
22,40,0.015,0.3,195,213,345,0.477941176470588,0.361111111111111,0.411392405063291
24,40,0.015,0.3,193,192,347,0.501298701298701,0.357407407407407,0.417297297297297
26,40,0.015,0.3,187,178,353,0.512328767123288,0.346296296296296,0.413259668508287
28,40,0.015,0.3,180,166,360,0.520231213872832,0.333333333333333,0.406320541760722
20,32,0.02,0.3,66,71,474,0.481751824817518,0.122222222222222,0.194977843426883
22,32,0.02,0.3,65,62,475,0.511811023622047,0.12037037037037,0.194902548725637
24,32,0.02,0.3,66,59,474,0.528,0.122222222222222,0.198496240601504
26,32,0.02,0.3,62,56,478,0.525423728813559,0.114814814814815,0.188449848024316
28,32,0.02,0.3,57,46,483,0.553398058252427,0.105555555555556,0.177293934681182
20,34,0.02,0.3,81,68,459,0.543624161073825,0.15,0.235123367198839
22,34,0.02,0.3,83,61,457,0.576388888888889,0.153703703703704,0.242690058479532
24,34,0.02,0.3,79,56,461,0.585185185185185,0.146296296296296,0.234074074074074
26,34,0.02,0.3,81,55,459,0.595588235294118,0.15,0.239644970414201
28,34,0.02,0.3,74,47,466,0.611570247933884,0.137037037037037,0.223903177004539
20,36,0.02,0.3,98,71,442,0.579881656804734,0.181481481481481,0.276445698166432
22,36,0.02,0.3,99,58,441,0.630573248407643,0.183333333333333,0.284074605451937
24,36,0.02,0.3,98,62,442,0.6125,0.181481481481481,0.28
26,36,0.02,0.3,93,51,447,0.645833333333333,0.172222222222222,0.271929824561404
28,36,0.02,0.3,91,45,449,0.669117647058823,0.168518518518519,0.269230769230769
20,38,0.02,0.3,107,73,433,0.594444444444444,0.198148148148148,0.297222222222222
22,38,0.02,0.3,104,63,436,0.622754491017964,0.192592592592593,0.294200848656294
24,38,0.02,0.3,100,62,440,0.617283950617284,0.185185185185185,0.284900284900285
26,38,0.02,0.3,102,57,438,0.641509433962264,0.188888888888889,0.291845493562232
28,38,0.02,0.3,95,48,445,0.664335664335664,0.175925925925926,0.278184480234261
20,40,0.02,0.3,107,71,433,0.601123595505618,0.198148148148148,0.298050139275766
22,40,0.02,0.3,113,64,427,0.638418079096045,0.209259259259259,0.315202231520223
24,40,0.02,0.3,109,62,431,0.637426900584795,0.201851851851852,0.306610407876231
26,40,0.02,0.3,103,58,437,0.639751552795031,0.190740740740741,0.293865905848787
28,40,0.02,0.3,103,50,437,0.673202614379085,0.190740740740741,0.297258297258297
20,32,0.025,0.3,26,29,514,0.472727272727273,0.0481481481481481,0.0873949579831933
22,32,0.025,0.3,23,25,517,0.479166666666667,0.0425925925925926,0.0782312925170068
24,32,0.025,0.3,24,22,516,0.521739130434783,0.0444444444444444,0.0819112627986348
26,32,0.025,0.3,24,23,516,0.51063829787234,0.0444444444444444,0.0817717206132879
28,32,0.025,0.3,23,18,517,0.560975609756098,0.0425925925925926,0.0791738382099828
20,34,0.025,0.3,27,33,513,0.45,0.05,0.09
22,34,0.025,0.3,27,29,513,0.482142857142857,0.05,0.0906040268456376
24,34,0.025,0.3,26,25,514,0.509803921568627,0.0481481481481481,0.0879864636209814
26,34,0.025,0.3,25,26,515,0.490196078431373,0.0462962962962963,0.0846023688663282
28,34,0.025,0.3,25,21,515,0.543478260869565,0.0462962962962963,0.0853242320819113
20,36,0.025,0.3,34,34,506,0.5,0.062962962962963,0.111842105263158
22,36,0.025,0.3,34,28,506,0.548387096774194,0.062962962962963,0.112956810631229
24,36,0.025,0.3,34,26,506,0.566666666666667,0.062962962962963,0.113333333333333
26,36,0.025,0.3,33,25,507,0.568965517241379,0.0611111111111111,0.110367892976589
28,36,0.025,0.3,32,23,508,0.581818181818182,0.0592592592592593,0.107563025210084
20,38,0.025,0.3,36,34,504,0.514285714285714,0.0666666666666667,0.118032786885246
22,38,0.025,0.3,37,27,503,0.578125,0.0685185185185185,0.122516556291391
24,38,0.025,0.3,32,23,508,0.581818181818182,0.0592592592592593,0.107563025210084
26,38,0.025,0.3,35,28,505,0.555555555555556,0.0648148148148148,0.116086235489221
28,38,0.025,0.3,30,18,510,0.625,0.0555555555555556,0.102040816326531
20,40,0.025,0.3,33,31,507,0.515625,0.0611111111111111,0.109271523178808
22,40,0.025,0.3,38,31,502,0.550724637681159,0.0703703703703704,0.124794745484401
24,40,0.025,0.3,33,23,507,0.589285714285714,0.0611111111111111,0.110738255033557
26,40,0.025,0.3,35,25,505,0.583333333333333,0.0648148148148148,0.116666666666667
28,40,0.025,0.3,35,23,505,0.603448275862069,0.0648148148148148,0.117056856187291
20,32,0.03,0.3,5,10,535,0.333333333333333,0.00925925925925926,0.018018018018018
22,32,0.03,0.3,5,10,535,0.333333333333333,0.00925925925925926,0.018018018018018
24,32,0.03,0.3,5,11,535,0.3125,0.00925925925925926,0.0179856115107914
26,32,0.03,0.3,4,8,536,0.333333333333333,0.00740740740740741,0.0144927536231884
28,32,0.03,0.3,4,8,536,0.333333333333333,0.00740740740740741,0.0144927536231884
20,34,0.03,0.3,7,10,533,0.411764705882353,0.012962962962963,0.0251346499102334
22,34,0.03,0.3,7,10,533,0.411764705882353,0.012962962962963,0.0251346499102334
24,34,0.03,0.3,7,10,533,0.411764705882353,0.012962962962963,0.0251346499102334
26,34,0.03,0.3,6,7,534,0.461538461538462,0.0111111111111111,0.0216998191681736
28,34,0.03,0.3,6,8,534,0.428571428571429,0.0111111111111111,0.0216606498194946
20,36,0.03,0.3,9,9,531,0.5,0.0166666666666667,0.032258064516129
22,36,0.03,0.3,9,10,531,0.473684210526316,0.0166666666666667,0.0322003577817531
24,36,0.03,0.3,9,11,531,0.45,0.0166666666666667,0.0321428571428571
26,36,0.03,0.3,8,8,532,0.5,0.0148148148148148,0.0287769784172662
28,36,0.03,0.3,8,7,532,0.533333333333333,0.0148148148148148,0.0288288288288288
20,38,0.03,0.3,10,11,530,0.476190476190476,0.0185185185185185,0.035650623885918
22,38,0.03,0.3,10,10,530,0.5,0.0185185185185185,0.0357142857142857
24,38,0.03,0.3,9,12,531,0.428571428571429,0.0166666666666667,0.0320855614973262
26,38,0.03,0.3,9,9,531,0.5,0.0166666666666667,0.032258064516129
28,38,0.03,0.3,8,9,532,0.470588235294118,0.0148148148148148,0.0287253141831239
20,40,0.03,0.3,10,9,530,0.526315789473684,0.0185185185185185,0.035778175313059
22,40,0.03,0.3,11,11,529,0.5,0.0203703703703704,0.0391459074733096
24,40,0.03,0.3,10,11,530,0.476190476190476,0.0185185185185185,0.035650623885918
26,40,0.03,0.3,9,8,531,0.529411764705882,0.0166666666666667,0.0323159784560144
28,40,0.03,0.3,10,8,530,0.555555555555556,0.0185185185185185,0.03584229390681
20,32,0.005,0.4,391,3348,149,0.104573415351698,0.724074074074074,0.182752979668147
22,32,0.005,0.4,390,3092,150,0.11200459506031,0.722222222222222,0.193933366484336
24,32,0.005,0.4,386,3062,154,0.111948955916473,0.714814814814815,0.19358074222668
26,32,0.005,0.4,388,2889,152,0.118400976502899,0.718518518518519,0.203301021744826
28,32,0.005,0.4,386,2711,154,0.124636745237326,0.714814814814815,0.21226285400055
20,34,0.005,0.4,386,3183,154,0.108153544410199,0.714814814814815,0.187880262837673
22,34,0.005,0.4,389,3029,151,0.113809245172616,0.72037037037037,0.196563921172309
24,34,0.005,0.4,380,2820,160,0.11875,0.703703703703704,0.203208556149733
26,34,0.005,0.4,379,2771,161,0.12031746031746,0.701851851851852,0.205420054200542
28,34,0.005,0.4,382,2620,158,0.127248500999334,0.707407407407407,0.215697346132129
20,36,0.005,0.4,392,3168,148,0.110112359550562,0.725925925925926,0.191219512195122
22,36,0.005,0.4,392,2921,148,0.118321762752792,0.725925925925926,0.203477809499092
24,36,0.005,0.4,362,2756,178,0.116100064143682,0.67037037037037,0.197922361946419
26,36,0.005,0.4,368,2586,172,0.124576844955992,0.681481481481481,0.210646823125358
28,36,0.005,0.4,366,2569,174,0.124701873935264,0.677777777777778,0.210647482014388
20,38,0.005,0.4,405,3065,135,0.11671469740634,0.75,0.201995012468828
22,38,0.005,0.4,382,2919,158,0.115722508330809,0.707407407407407,0.198906534756574
24,38,0.005,0.4,362,2685,178,0.118805382343288,0.67037037037037,0.20183997769724
26,38,0.005,0.4,353,2538,187,0.122103078519543,0.653703703703704,0.205770912270475
28,38,0.005,0.4,347,2395,193,0.12654996353027,0.642592592592593,0.211456429006703
20,40,0.005,0.4,360,2855,180,0.111975116640746,0.666666666666667,0.191744340878828
22,40,0.005,0.4,391,2872,149,0.119828378792522,0.724074074074074,0.205627136471207
24,40,0.005,0.4,364,2717,176,0.118143459915612,0.674074074074074,0.20104943385805
26,40,0.005,0.4,336,2490,204,0.118895966029724,0.622222222222222,0.199643493761141
28,40,0.005,0.4,319,2356,221,0.119252336448598,0.590740740740741,0.198444790046656
20,32,0.01,0.4,296,930,244,0.241435562805873,0.548148148148148,0.335220838052095
22,32,0.01,0.4,293,818,247,0.263726372637264,0.542592592592593,0.354936402180497
24,32,0.01,0.4,294,789,246,0.271468144044321,0.544444444444444,0.362292051756007
26,32,0.01,0.4,288,705,252,0.290030211480363,0.533333333333333,0.37573385518591
28,32,0.01,0.4,287,643,253,0.308602150537634,0.531481481481481,0.39047619047619
20,34,0.01,0.4,299,928,241,0.243683781581092,0.553703703703704,0.338426711941143
22,34,0.01,0.4,299,823,241,0.266488413547237,0.553703703703704,0.359807460890493
24,34,0.01,0.4,298,735,242,0.288480154888674,0.551851851851852,0.378893833439288
26,34,0.01,0.4,292,716,248,0.28968253968254,0.540740740740741,0.377260981912145
28,34,0.01,0.4,289,638,251,0.31175836030205,0.535185185185185,0.394001363326517
20,36,0.01,0.4,311,949,229,0.246825396825397,0.575925925925926,0.345555555555556
22,36,0.01,0.4,307,829,233,0.270246478873239,0.568518518518519,0.366348448687351
24,36,0.01,0.4,301,747,239,0.287213740458015,0.557407407407407,0.379093198992443
26,36,0.01,0.4,296,679,244,0.303589743589744,0.548148148148148,0.390759075907591
28,36,0.01,0.4,288,675,252,0.299065420560748,0.533333333333333,0.383233532934132
20,38,0.01,0.4,319,910,221,0.259560618388934,0.590740740740741,0.360655737704918
22,38,0.01,0.4,314,838,226,0.272569444444444,0.581481481481481,0.371158392434988
24,38,0.01,0.4,309,737,231,0.295411089866157,0.572222222222222,0.389659520807062
26,38,0.01,0.4,302,674,238,0.309426229508197,0.559259259259259,0.398416886543536
28,38,0.01,0.4,294,611,246,0.324861878453039,0.544444444444444,0.406920415224913
20,40,0.01,0.4,301,875,239,0.255952380952381,0.557407407407407,0.350815850815851
22,40,0.01,0.4,314,824,226,0.275922671353251,0.581481481481481,0.374255065554231
24,40,0.01,0.4,313,768,227,0.2895467160037,0.57962962962963,0.386181369524985
26,40,0.01,0.4,297,695,243,0.299395161290323,0.55,0.387728459530026
28,40,0.01,0.4,290,622,250,0.317982456140351,0.537037037037037,0.399449035812672
20,32,0.015,0.4,158,260,382,0.37799043062201,0.292592592592593,0.329853862212944
22,32,0.015,0.4,156,206,384,0.430939226519337,0.288888888888889,0.34589800443459
24,32,0.015,0.4,157,205,383,0.433701657458564,0.290740740740741,0.348115299334812
26,32,0.015,0.4,153,182,387,0.456716417910448,0.283333333333333,0.349714285714286
28,32,0.015,0.4,143,164,397,0.465798045602606,0.264814814814815,0.337662337662338
20,34,0.015,0.4,179,266,361,0.402247191011236,0.331481481481481,0.363451776649746
22,34,0.015,0.4,180,228,360,0.441176470588235,0.333333333333333,0.379746835443038
24,34,0.015,0.4,181,195,359,0.481382978723404,0.335185185185185,0.395196506550218
26,34,0.015,0.4,176,191,364,0.479564032697548,0.325925925925926,0.388092613009923
28,34,0.015,0.4,164,169,376,0.492492492492492,0.303703703703704,0.375715922107675
20,36,0.015,0.4,188,270,352,0.410480349344978,0.348148148148148,0.376753507014028
22,36,0.015,0.4,189,231,351,0.45,0.35,0.39375
24,36,0.015,0.4,189,207,351,0.477272727272727,0.35,0.403846153846154
26,36,0.015,0.4,179,182,361,0.49584487534626,0.331481481481481,0.397336293007769
28,36,0.015,0.4,174,173,366,0.501440922190202,0.322222222222222,0.392333709131905
20,38,0.015,0.4,197,265,343,0.426406926406926,0.364814814814815,0.393213572854291
22,38,0.015,0.4,197,235,343,0.456018518518519,0.364814814814815,0.405349794238683
24,38,0.015,0.4,199,207,341,0.490147783251232,0.368518518518519,0.420718816067653
26,38,0.015,0.4,190,191,350,0.498687664041995,0.351851851851852,0.412595005428882
28,38,0.015,0.4,180,173,360,0.509915014164306,0.333333333333333,0.403135498320269
20,40,0.015,0.4,200,262,340,0.432900432900433,0.37037037037037,0.399201596806387
22,40,0.015,0.4,202,234,338,0.463302752293578,0.374074074074074,0.413934426229508
24,40,0.015,0.4,202,217,338,0.482100238663485,0.374074074074074,0.421272158498436
26,40,0.015,0.4,194,197,346,0.49616368286445,0.359259259259259,0.416756176154672
28,40,0.015,0.4,187,178,353,0.512328767123288,0.346296296296296,0.413259668508287
20,32,0.02,0.4,67,73,473,0.478571428571429,0.124074074074074,0.197058823529412
22,32,0.02,0.4,66,62,474,0.515625,0.122222222222222,0.197604790419162
24,32,0.02,0.4,66,60,474,0.523809523809524,0.122222222222222,0.198198198198198
26,32,0.02,0.4,63,56,477,0.529411764705882,0.116666666666667,0.191198786039454
28,32,0.02,0.4,58,46,482,0.557692307692308,0.107407407407407,0.180124223602484
20,34,0.02,0.4,82,69,458,0.543046357615894,0.151851851851852,0.237337192474674
22,34,0.02,0.4,84,61,456,0.579310344827586,0.155555555555556,0.245255474452555
24,34,0.02,0.4,80,56,460,0.588235294117647,0.148148148148148,0.236686390532544
26,34,0.02,0.4,81,56,459,0.591240875912409,0.15,0.239290989660266
28,34,0.02,0.4,75,47,465,0.614754098360656,0.138888888888889,0.226586102719033
20,36,0.02,0.4,99,72,441,0.578947368421053,0.183333333333333,0.278481012658228
22,36,0.02,0.4,100,59,440,0.628930817610063,0.185185185185185,0.286123032904149
24,36,0.02,0.4,98,62,442,0.6125,0.181481481481481,0.28
26,36,0.02,0.4,93,51,447,0.645833333333333,0.172222222222222,0.271929824561404
28,36,0.02,0.4,92,45,448,0.671532846715328,0.17037037037037,0.27178729689808
20,38,0.02,0.4,108,74,432,0.593406593406593,0.2,0.299168975069252
22,38,0.02,0.4,106,63,434,0.627218934911243,0.196296296296296,0.29901269393512
24,38,0.02,0.4,102,62,438,0.621951219512195,0.188888888888889,0.289772727272727
26,38,0.02,0.4,103,57,437,0.64375,0.190740740740741,0.294285714285714
28,38,0.02,0.4,96,48,444,0.666666666666667,0.177777777777778,0.280701754385965
20,40,0.02,0.4,108,72,432,0.6,0.2,0.3
22,40,0.02,0.4,114,65,426,0.636871508379888,0.211111111111111,0.317107093184979
24,40,0.02,0.4,110,64,430,0.632183908045977,0.203703703703704,0.30812324929972
26,40,0.02,0.4,104,58,436,0.641975308641975,0.192592592592593,0.296296296296296
28,40,0.02,0.4,104,50,436,0.675324675324675,0.192592592592593,0.29971181556196
20,32,0.025,0.4,26,29,514,0.472727272727273,0.0481481481481481,0.0873949579831933
22,32,0.025,0.4,23,25,517,0.479166666666667,0.0425925925925926,0.0782312925170068
24,32,0.025,0.4,24,22,516,0.521739130434783,0.0444444444444444,0.0819112627986348
26,32,0.025,0.4,24,23,516,0.51063829787234,0.0444444444444444,0.0817717206132879
28,32,0.025,0.4,23,18,517,0.560975609756098,0.0425925925925926,0.0791738382099828
20,34,0.025,0.4,27,33,513,0.45,0.05,0.09
22,34,0.025,0.4,27,29,513,0.482142857142857,0.05,0.0906040268456376
24,34,0.025,0.4,26,25,514,0.509803921568627,0.0481481481481481,0.0879864636209814
26,34,0.025,0.4,25,26,515,0.490196078431373,0.0462962962962963,0.0846023688663282
28,34,0.025,0.4,25,21,515,0.543478260869565,0.0462962962962963,0.0853242320819113
20,36,0.025,0.4,34,34,506,0.5,0.062962962962963,0.111842105263158
22,36,0.025,0.4,34,28,506,0.548387096774194,0.062962962962963,0.112956810631229
24,36,0.025,0.4,34,26,506,0.566666666666667,0.062962962962963,0.113333333333333
26,36,0.025,0.4,33,25,507,0.568965517241379,0.0611111111111111,0.110367892976589
28,36,0.025,0.4,32,23,508,0.581818181818182,0.0592592592592593,0.107563025210084
20,38,0.025,0.4,36,34,504,0.514285714285714,0.0666666666666667,0.118032786885246
22,38,0.025,0.4,37,27,503,0.578125,0.0685185185185185,0.122516556291391
24,38,0.025,0.4,32,23,508,0.581818181818182,0.0592592592592593,0.107563025210084
26,38,0.025,0.4,35,28,505,0.555555555555556,0.0648148148148148,0.116086235489221
28,38,0.025,0.4,30,18,510,0.625,0.0555555555555556,0.102040816326531
20,40,0.025,0.4,33,31,507,0.515625,0.0611111111111111,0.109271523178808
22,40,0.025,0.4,38,31,502,0.550724637681159,0.0703703703703704,0.124794745484401
24,40,0.025,0.4,33,23,507,0.589285714285714,0.0611111111111111,0.110738255033557
26,40,0.025,0.4,35,25,505,0.583333333333333,0.0648148148148148,0.116666666666667
28,40,0.025,0.4,35,23,505,0.603448275862069,0.0648148148148148,0.117056856187291
20,32,0.03,0.4,5,10,535,0.333333333333333,0.00925925925925926,0.018018018018018
22,32,0.03,0.4,5,10,535,0.333333333333333,0.00925925925925926,0.018018018018018
24,32,0.03,0.4,5,11,535,0.3125,0.00925925925925926,0.0179856115107914
26,32,0.03,0.4,4,8,536,0.333333333333333,0.00740740740740741,0.0144927536231884
28,32,0.03,0.4,4,8,536,0.333333333333333,0.00740740740740741,0.0144927536231884
20,34,0.03,0.4,7,10,533,0.411764705882353,0.012962962962963,0.0251346499102334
22,34,0.03,0.4,7,10,533,0.411764705882353,0.012962962962963,0.0251346499102334
24,34,0.03,0.4,7,10,533,0.411764705882353,0.012962962962963,0.0251346499102334
26,34,0.03,0.4,6,7,534,0.461538461538462,0.0111111111111111,0.0216998191681736
28,34,0.03,0.4,6,8,534,0.428571428571429,0.0111111111111111,0.0216606498194946
20,36,0.03,0.4,9,9,531,0.5,0.0166666666666667,0.032258064516129
22,36,0.03,0.4,9,10,531,0.473684210526316,0.0166666666666667,0.0322003577817531
24,36,0.03,0.4,9,11,531,0.45,0.0166666666666667,0.0321428571428571
26,36,0.03,0.4,8,8,532,0.5,0.0148148148148148,0.0287769784172662
28,36,0.03,0.4,8,7,532,0.533333333333333,0.0148148148148148,0.0288288288288288
20,38,0.03,0.4,10,11,530,0.476190476190476,0.0185185185185185,0.035650623885918
22,38,0.03,0.4,10,10,530,0.5,0.0185185185185185,0.0357142857142857
24,38,0.03,0.4,9,12,531,0.428571428571429,0.0166666666666667,0.0320855614973262
26,38,0.03,0.4,9,9,531,0.5,0.0166666666666667,0.032258064516129
28,38,0.03,0.4,8,9,532,0.470588235294118,0.0148148148148148,0.0287253141831239
20,40,0.03,0.4,10,9,530,0.526315789473684,0.0185185185185185,0.035778175313059
22,40,0.03,0.4,11,11,529,0.5,0.0203703703703704,0.0391459074733096
24,40,0.03,0.4,10,11,530,0.476190476190476,0.0185185185185185,0.035650623885918
26,40,0.03,0.4,9,8,531,0.529411764705882,0.0166666666666667,0.0323159784560144
28,40,0.03,0.4,10,8,530,0.555555555555556,0.0185185185185185,0.03584229390681
20,32,0.005,0.5,428,3965,112,0.0974277259276121,0.792592592592593,0.17352523819177
22,32,0.005,0.5,422,3629,118,0.10417180942977,0.781481481481481,0.183837943803093
24,32,0.005,0.5,422,3598,118,0.104975124378109,0.781481481481481,0.185087719298246
26,32,0.005,0.5,428,3292,112,0.11505376344086,0.792592592592593,0.20093896713615
28,32,0.005,0.5,419,3067,121,0.120195065978199,0.775925925925926,0.208147044212618
20,34,0.005,0.5,434,3864,106,0.100977198697068,0.803703703703704,0.179412980570484
22,34,0.005,0.5,425,3627,115,0.104886475814413,0.787037037037037,0.185104529616725
24,34,0.005,0.5,418,3329,122,0.111555911395783,0.774074074074074,0.195008164217401
26,34,0.005,0.5,422,3287,118,0.113777298463198,0.781481481481481,0.198634972934808
28,34,0.005,0.5,421,3059,119,0.120977011494253,0.77962962962963,0.209452736318408
20,36,0.005,0.5,434,3900,106,0.100138440239963,0.803703703703704,0.178087812884694
22,36,0.005,0.5,437,3568,103,0.109113607990012,0.809259259259259,0.192299229922992
24,36,0.005,0.5,419,3299,121,0.112694997310382,0.775925925925926,0.196806012212306
26,36,0.005,0.5,415,3062,125,0.119355766465344,0.768518518518518,0.206621857107294
28,36,0.005,0.5,420,3047,120,0.12114219786559,0.777777777777778,0.209633142001497
20,38,0.005,0.5,438,3675,102,0.106491611962071,0.811111111111111,0.188265635074146
22,38,0.005,0.5,427,3604,113,0.105929049863557,0.790740740740741,0.186830015313936
24,38,0.005,0.5,416,3308,124,0.111707841031149,0.77037037037037,0.195121951219512
26,38,0.005,0.5,405,3087,135,0.115979381443299,0.75,0.200892857142857
28,38,0.005,0.5,402,2857,138,0.123350721080086,0.744444444444444,0.21163464069492
20,40,0.005,0.5,412,3506,128,0.105155691679428,0.762962962962963,0.18483624943921
22,40,0.005,0.5,429,3448,111,0.110652566417333,0.794444444444444,0.194249490604483
24,40,0.005,0.5,413,3348,127,0.109811220420101,0.764814814814815,0.192048360846315
26,40,0.005,0.5,406,3087,134,0.11623246492986,0.751851851851852,0.201338953632532
28,40,0.005,0.5,388,2858,152,0.119531731361676,0.718518518518519,0.204965662968833
20,32,0.01,0.5,303,1014,237,0.230068337129841,0.561111111111111,0.326332794830372
22,32,0.01,0.5,300,891,240,0.251889168765743,0.555555555555556,0.346620450606586
24,32,0.01,0.5,302,860,238,0.259896729776248,0.559259259259259,0.354876615746181
26,32,0.01,0.5,294,756,246,0.28,0.544444444444444,0.369811320754717
28,32,0.01,0.5,290,686,250,0.297131147540984,0.537037037037037,0.382585751978892
20,34,0.01,0.5,306,1033,234,0.228528752800597,0.566666666666667,0.325705162320383
22,34,0.01,0.5,310,917,230,0.252648736756316,0.574074074074074,0.350877192982456
24,34,0.01,0.5,307,814,233,0.273862622658341,0.568518518518519,0.369656833232992
26,34,0.01,0.5,301,783,239,0.277675276752768,0.557407407407407,0.370689655172414
28,34,0.01,0.5,298,699,242,0.298896690070211,0.551851851851852,0.387768379960963
20,36,0.01,0.5,317,1075,223,0.227729885057471,0.587037037037037,0.32815734989648
22,36,0.01,0.5,318,943,222,0.25218080888184,0.588888888888889,0.353137146029983
24,36,0.01,0.5,318,844,222,0.273666092943201,0.588888888888889,0.373678025851939
26,36,0.01,0.5,308,764,232,0.287313432835821,0.57037037037037,0.382133995037221
28,36,0.01,0.5,307,744,233,0.292102759276879,0.568518518518519,0.385920804525456
20,38,0.01,0.5,326,1007,214,0.244561140285071,0.603703703703704,0.348104644954618
22,38,0.01,0.5,321,963,219,0.25,0.594444444444444,0.351973684210526
24,38,0.01,0.5,319,862,221,0.270110076206605,0.590740740740741,0.370714700755375
26,38,0.01,0.5,315,777,225,0.288461538461538,0.583333333333333,0.386029411764706
28,38,0.01,0.5,304,691,236,0.305527638190955,0.562962962962963,0.396091205211726
20,40,0.01,0.5,320,999,220,0.242608036391205,0.592592592592593,0.344271113501883
22,40,0.01,0.5,324,920,216,0.260450160771704,0.6,0.36322869955157
24,40,0.01,0.5,320,886,220,0.265339966832504,0.592592592592593,0.366552119129439
26,40,0.01,0.5,311,801,229,0.279676258992806,0.575925925925926,0.376513317191283
28,40,0.01,0.5,310,719,230,0.301263362487852,0.574074074074074,0.395156150414277
20,32,0.015,0.5,159,269,381,0.371495327102804,0.294444444444444,0.328512396694215
22,32,0.015,0.5,156,214,384,0.421621621621622,0.288888888888889,0.342857142857143
24,32,0.015,0.5,158,210,382,0.429347826086957,0.292592592592593,0.348017621145374
26,32,0.015,0.5,153,185,387,0.452662721893491,0.283333333333333,0.348519362186788
28,32,0.015,0.5,143,167,397,0.461290322580645,0.264814814814815,0.336470588235294
20,34,0.015,0.5,180,273,360,0.397350993377483,0.333333333333333,0.362537764350453
22,34,0.015,0.5,181,241,359,0.428909952606635,0.335185185185185,0.376299376299376
24,34,0.015,0.5,181,201,359,0.473821989528796,0.335185185185185,0.392624728850325
26,34,0.015,0.5,176,194,364,0.475675675675676,0.325925925925926,0.386813186813187
28,34,0.015,0.5,166,173,374,0.489675516224189,0.307407407407407,0.377701934015927
20,36,0.015,0.5,189,286,351,0.397894736842105,0.35,0.372413793103448
22,36,0.015,0.5,189,244,351,0.4364896073903,0.35,0.388489208633093
24,36,0.015,0.5,192,219,348,0.467153284671533,0.355555555555556,0.403785488958991
26,36,0.015,0.5,181,187,359,0.491847826086957,0.335185185185185,0.398678414096916
28,36,0.015,0.5,175,178,365,0.495750708215297,0.324074074074074,0.391937290033595
20,38,0.015,0.5,197,275,343,0.417372881355932,0.364814814814815,0.389328063241107
22,38,0.015,0.5,197,254,343,0.436807095343681,0.364814814814815,0.397578203834511
24,38,0.015,0.5,199,224,341,0.470449172576832,0.368518518518519,0.413291796469367
26,38,0.015,0.5,191,204,349,0.483544303797468,0.353703703703704,0.40855614973262
28,38,0.015,0.5,181,181,359,0.5,0.335185185185185,0.401330376940133
20,40,0.015,0.5,204,283,336,0.418891170431211,0.377777777777778,0.397273612463486
22,40,0.015,0.5,202,245,338,0.451901565995526,0.374074074074074,0.409321175278622
24,40,0.015,0.5,203,233,337,0.465596330275229,0.375925925925926,0.415983606557377
26,40,0.015,0.5,197,212,343,0.481662591687042,0.364814814814815,0.415173867228662
28,40,0.015,0.5,188,191,352,0.496042216358839,0.348148148148148,0.409140369967356
20,32,0.02,0.5,67,74,473,0.475177304964539,0.124074074074074,0.196769456681351
22,32,0.02,0.5,66,62,474,0.515625,0.122222222222222,0.197604790419162
24,32,0.02,0.5,66,61,474,0.519685039370079,0.122222222222222,0.197901049475262
26,32,0.02,0.5,63,57,477,0.525,0.116666666666667,0.190909090909091
28,32,0.02,0.5,58,46,482,0.557692307692308,0.107407407407407,0.180124223602484
20,34,0.02,0.5,82,70,458,0.539473684210526,0.151851851851852,0.236994219653179
22,34,0.02,0.5,84,62,456,0.575342465753425,0.155555555555556,0.244897959183673
24,34,0.02,0.5,80,56,460,0.588235294117647,0.148148148148148,0.236686390532544
26,34,0.02,0.5,81,57,459,0.58695652173913,0.15,0.238938053097345
28,34,0.02,0.5,75,47,465,0.614754098360656,0.138888888888889,0.226586102719033
20,36,0.02,0.5,99,73,441,0.575581395348837,0.183333333333333,0.278089887640449
22,36,0.02,0.5,100,59,440,0.628930817610063,0.185185185185185,0.286123032904149
24,36,0.02,0.5,99,63,441,0.611111111111111,0.183333333333333,0.282051282051282
26,36,0.02,0.5,94,51,446,0.648275862068965,0.174074074074074,0.274452554744526
28,36,0.02,0.5,92,45,448,0.671532846715328,0.17037037037037,0.27178729689808
20,38,0.02,0.5,108,75,432,0.590163934426229,0.2,0.298755186721992
22,38,0.02,0.5,106,63,434,0.627218934911243,0.196296296296296,0.29901269393512
24,38,0.02,0.5,102,62,438,0.621951219512195,0.188888888888889,0.289772727272727
26,38,0.02,0.5,104,57,436,0.645962732919255,0.192592592592593,0.296718972895863
28,38,0.02,0.5,97,49,443,0.664383561643836,0.17962962962963,0.282798833819242
20,40,0.02,0.5,108,73,432,0.596685082872928,0.2,0.299583911234397
22,40,0.02,0.5,114,65,426,0.636871508379888,0.211111111111111,0.317107093184979
24,40,0.02,0.5,110,64,430,0.632183908045977,0.203703703703704,0.30812324929972
26,40,0.02,0.5,105,58,435,0.644171779141104,0.194444444444444,0.298719772403983
28,40,0.02,0.5,105,50,435,0.67741935483871,0.194444444444444,0.302158273381295
20,32,0.025,0.5,26,29,514,0.472727272727273,0.0481481481481481,0.0873949579831933
22,32,0.025,0.5,23,25,517,0.479166666666667,0.0425925925925926,0.0782312925170068
24,32,0.025,0.5,24,22,516,0.521739130434783,0.0444444444444444,0.0819112627986348
26,32,0.025,0.5,24,23,516,0.51063829787234,0.0444444444444444,0.0817717206132879
28,32,0.025,0.5,23,18,517,0.560975609756098,0.0425925925925926,0.0791738382099828
20,34,0.025,0.5,27,33,513,0.45,0.05,0.09
22,34,0.025,0.5,27,29,513,0.482142857142857,0.05,0.0906040268456376
24,34,0.025,0.5,26,25,514,0.509803921568627,0.0481481481481481,0.0879864636209814
26,34,0.025,0.5,25,26,515,0.490196078431373,0.0462962962962963,0.0846023688663282
28,34,0.025,0.5,25,21,515,0.543478260869565,0.0462962962962963,0.0853242320819113
20,36,0.025,0.5,34,34,506,0.5,0.062962962962963,0.111842105263158
22,36,0.025,0.5,34,28,506,0.548387096774194,0.062962962962963,0.112956810631229
24,36,0.025,0.5,34,26,506,0.566666666666667,0.062962962962963,0.113333333333333
26,36,0.025,0.5,33,25,507,0.568965517241379,0.0611111111111111,0.110367892976589
28,36,0.025,0.5,32,23,508,0.581818181818182,0.0592592592592593,0.107563025210084
20,38,0.025,0.5,36,34,504,0.514285714285714,0.0666666666666667,0.118032786885246
22,38,0.025,0.5,37,27,503,0.578125,0.0685185185185185,0.122516556291391
24,38,0.025,0.5,32,23,508,0.581818181818182,0.0592592592592593,0.107563025210084
26,38,0.025,0.5,35,28,505,0.555555555555556,0.0648148148148148,0.116086235489221
28,38,0.025,0.5,30,18,510,0.625,0.0555555555555556,0.102040816326531
20,40,0.025,0.5,33,31,507,0.515625,0.0611111111111111,0.109271523178808
22,40,0.025,0.5,38,31,502,0.550724637681159,0.0703703703703704,0.124794745484401
24,40,0.025,0.5,33,23,507,0.589285714285714,0.0611111111111111,0.110738255033557
26,40,0.025,0.5,35,25,505,0.583333333333333,0.0648148148148148,0.116666666666667
28,40,0.025,0.5,35,23,505,0.603448275862069,0.0648148148148148,0.117056856187291
20,32,0.03,0.5,5,10,535,0.333333333333333,0.00925925925925926,0.018018018018018
22,32,0.03,0.5,5,10,535,0.333333333333333,0.00925925925925926,0.018018018018018
24,32,0.03,0.5,5,11,535,0.3125,0.00925925925925926,0.0179856115107914
26,32,0.03,0.5,4,8,536,0.333333333333333,0.00740740740740741,0.0144927536231884
28,32,0.03,0.5,4,8,536,0.333333333333333,0.00740740740740741,0.0144927536231884
20,34,0.03,0.5,7,10,533,0.411764705882353,0.012962962962963,0.0251346499102334
22,34,0.03,0.5,7,10,533,0.411764705882353,0.012962962962963,0.0251346499102334
24,34,0.03,0.5,7,10,533,0.411764705882353,0.012962962962963,0.0251346499102334
26,34,0.03,0.5,6,7,534,0.461538461538462,0.0111111111111111,0.0216998191681736
28,34,0.03,0.5,6,8,534,0.428571428571429,0.0111111111111111,0.0216606498194946
20,36,0.03,0.5,9,9,531,0.5,0.0166666666666667,0.032258064516129
22,36,0.03,0.5,9,10,531,0.473684210526316,0.0166666666666667,0.0322003577817531
24,36,0.03,0.5,9,11,531,0.45,0.0166666666666667,0.0321428571428571
26,36,0.03,0.5,8,8,532,0.5,0.0148148148148148,0.0287769784172662
28,36,0.03,0.5,8,7,532,0.533333333333333,0.0148148148148148,0.0288288288288288
20,38,0.03,0.5,10,11,530,0.476190476190476,0.0185185185185185,0.035650623885918
22,38,0.03,0.5,10,10,530,0.5,0.0185185185185185,0.0357142857142857
24,38,0.03,0.5,9,12,531,0.428571428571429,0.0166666666666667,0.0320855614973262
26,38,0.03,0.5,9,9,531,0.5,0.0166666666666667,0.032258064516129
28,38,0.03,0.5,8,9,532,0.470588235294118,0.0148148148148148,0.0287253141831239
20,40,0.03,0.5,10,9,530,0.526315789473684,0.0185185185185185,0.035778175313059
22,40,0.03,0.5,11,11,529,0.5,0.0203703703703704,0.0391459074733096
24,40,0.03,0.5,10,11,530,0.476190476190476,0.0185185185185185,0.035650623885918
26,40,0.03,0.5,9,8,531,0.529411764705882,0.0166666666666667,0.0323159784560144
28,40,0.03,0.5,10,8,530,0.555555555555556,0.0185185185185185,0.03584229390681
